filename,predict_labels
3067c33045c64585b8f85255ecbc5ba9.jpg,BooPadPongali
2505d98cdc58443ca265dd6a8e7433d9.jpg,FriedKale
da469e69e6f347d5aff704bcab210238.jpg,FriedKale
d106b90f872f49278faf69143a45a07c.jpg,BooPadPongali
519c0779938f457b8a97992c8fa6871e.jpg,FriedKale
df23902a3c9143198ba17c4db72ec527.jpg,FriedKale
b2c60a31a024432dbeee1f8d4e04bb01.jpg,FriedKale
d78cd3a26a4247ce8e6ac1b9b25bb7ac.jpg,FriedKale
d007f5576e794b38a128344edf1d5842.jpg,FriedKale
35145631bfe14094a45f245eb2aeecf5.jpg,FriedKale
41add2a2fbc64dc4bc3cca46d1e126a2.jpg,FriedKale
2ec8b8ad554b4b65a9e0e5cd8a8ccb55.jpg,BooPadPongali
793f11dcfc9947238b451b95cd512cc3.jpg,FriedKale
d1ad5a39e8ea48fa95926c49c2ad9bc8.jpg,FriedKale
f1812b4e716544e58b0c29e115aed0e6.jpg,FriedKale
0462f9b9e3cd4938b5c12e70b1e4d300.jpg,FriedKale
64b337969c5645f593cb3c48d83c40a3.jpg,FriedKale
58733fa426aa4e8fb9418dc00656d468.jpg,FriedKale
88d56da9b04841ddbd58e1cb25bdfbd6.jpg,FriedKale
0fd8c98a84fb4a64abc7d9e8a7e39dc6.jpg,FriedKale
8dd865535420425195494a058834df78.jpg,MassamanGai
0eb3b233744d49d3bab185c662a973b8.jpg,FriedKale
e1e85ea98ec145259310ebe607ee5660.jpg,FriedKale
aba3e3d167f64a3e8c5ac5c8aad3d0a6.jpg,FriedKale
df5af8aff56c4c2fb85bfee09f62afe9.jpg,FriedKale
9b55af01efae4f4893d8249c637d58b0.jpg,FriedKale
e32e4cb5a52e4b9aac6ad6ac55aa23ac.jpg,FriedKale
4403669508bd4fbbaaafb0261f1771b8.jpg,FriedKale
5a59e06230b14aedac1659d0aba03949.jpg,FriedKale
4deffb54dc794df4a3e803a598f1626e.jpg,BooPadPongali
c84ae2ce65e44a82a3a70b49091278ea.jpg,FriedKale
39caa3863dd64ec891dcbdd9de5bc05e.jpg,FriedKale
8c13157ed9e24949bd800069f8e65dec.jpg,FriedKale
8bb02f6de1a347949445d8feaa161b55.jpg,FriedKale
67b050b37a39461c8a69a44a45935ac1.jpg,FriedKale
1db838436b5440ab9b8a2c6d8f679990.jpg,FriedKale
6de1cf6e452f4591bce947c9d3a13621.jpg,FriedKale
b789f87003be4bde9b0106db74dd9ac5.jpg,PadPakBung
923009fee9e643d4b28cd781075599da.jpg,MassamanGai
c264e5831ecb45a09e9292da3e6d795c.jpg,FriedKale
6a44c7f9ecf64a93a8a36e966cb5b1ea.jpg,FriedKale
f771f53887ab4b0d8cc88f22c37d3f14.jpg,FriedKale
85a4f3c4cbc148a68decad0ba834703d.jpg,PadPakBung
ddf818e527b24c759d3b652139175dfd.jpg,PadPakBung
3d760209828d4fbaa0a2af54e1868117.jpg,FriedKale
889b27914be7438897608122b220f791.jpg,FriedKale
1b5f5f1ef48e4ec79b6cf6c55c8f83cc.jpg,FriedKale
124cfa4d0c294a9d815bc01ad19a5ec3.jpg,BooPadPongali
3ae91b59cbfd4ae3a4536ae21072bfa2.jpg,FriedKale
080e845619444388a7bbb861eb23cdf9.jpg,FriedKale
4f57f91eb9e64f46b60c5fa75f8dc923.jpg,FriedKale
b8d49634a084404087ca5b79fe4f7115.jpg,BooPadPongali
43f4a2a593474a4f857eb242ca6010a8.jpg,BooPadPongali
7fd90bc79a7447a5afcecb0867cfec94.jpg,FriedKale
79b8de97780541f79aa2fecf47140d63.jpg,FriedKale
b676eecf75b54bc09aecb8f7a4076549.jpg,FriedKale
d10be6f5afc54b4dbb7a6f63152de91d.jpg,FriedKale
99ff73a8859046ae84b924f6b4eb60ac.jpg,FriedKale
96c3c4fcb8d14020816914b3a78dbf0f.jpg,FriedKale
7656b9a6d6c14dc5bdc5815b6bfffd18.jpg,FriedKale
df87433a21de47059e1febd8a7b9ff06.jpg,BooPadPongali
8b1d040aef424e71bd307ae75b1f03cd.jpg,FriedKale
303f6bf664014507bd28eafa8e610a63.jpg,FriedKale
1bab4dfc56ed4c06a7debed5a0859cf9.jpg,FriedKale
903614f38bf3487093abf18aa6c602e5.jpg,FriedKale
ed8cbd8fc1074a7ea3e1d4edf838ca23.jpg,BooPadPongali
bb32571641ad41e78147c76483604ec5.jpg,FriedKale
7a14426d30314a7ca673c4c5f31fe708.jpg,FriedKale
3f0b902cc97d4951bc49fc7a68055a91.jpg,BooPadPongali
6c88e42daafc4f92872415e145ed768c.jpg,FriedKale
01abb34d04e14148b505f645e9107082.jpg,FriedKale
475fd869a57f4d70bd0b7260158d5415.jpg,BooPadPongali
a6a22d2fe82c4eed97f67fcb2ac671a3.jpg,FriedKale
4a16cac186a24c708aa0f7b17b641b52.jpg,PadPakBung
e54faf17860a4742bc634c21f601d1f3.jpg,FriedKale
5148d3f863644d5f82f73ec8525485ea.jpg,BooPadPongali
31341810eafb4cc5a3b48379763cdf53.jpg,BooPadPongali
cc849f6f06ad4a2f9d87fa242886fef2.jpg,FriedKale
82ae611b9f1b4e108c41104b532bed77.jpg,BooPadPongali
be6f103463014e8fa5de61994bb4554c.jpg,FriedKale
54f7f0c53c054fe8a55fa4fab15f48ff.jpg,FriedKale
a136278b57d2404a9de6095e29ae2787.jpg,FriedKale
44b974a77e204a5da61be824d0fcb06b.jpg,BooPadPongali
be83e8b7051441b7b7af500fdfca135f.jpg,FriedKale
3f8111fc4b87443a8f92ea4e691b077f.jpg,FriedKale
503dcce96be14b75803435a45fd7f704.jpg,FriedKale
a8ea8a31e5ff4e24be849d0c8e8782e4.jpg,FriedKale
e8b685d54a5b42cc9a8df0928c0d8899.jpg,PadPakBung
b68f2804cf5c43199d18d7dcf3f2ecb1.jpg,FriedKale
0c2820fec8fd41e78926afa07fcce941.jpg,BooPadPongali
57a1857eb2114be59bec4aea310e8001.jpg,FriedKale
20bf74f040f344e19f3c0cc03d1c05f7.jpg,FriedKale
9acff8cb873746e4bc9217975682c1c2.jpg,FriedKale
1fdfd7c5eb2a40cbacbf4e1ad107292b.jpg,BooPadPongali
d53c7b469dd546408552ae8eb4e24c37.jpg,FriedKale
07dca1ecb7b54d8fbf45cbe07ea5f7ae.jpg,FriedKale
8956fa5750bd4a4e937d727647caa9fd.jpg,FriedKale
85d94a58fbc24a318948b0a0b22be114.jpg,FriedKale
92c63618043d4d5090f3d5fd0c2d4a51.jpg,FriedKale
fe70c29d7d5849798ce4c700ac9a3684.jpg,FriedKale
968c9abd957a40c4a1e87efa6b2b87ac.jpg,FriedKale
e02cc14d0e90400d957a9b597573c1aa.jpg,FriedKale
47956c973f1e484ebdda5ff340046629.jpg,FriedKale
629d96df482d499c80a7c1770b2d9a5f.jpg,FriedKale
40b4bb3bc5e94b6fb6e54de8e578941a.jpg,FriedKale
fa29e1a5a75a4b9bb37a0f0db74c9d98.jpg,FriedKale
514705405c494cb1b3c46060894de6c2.jpg,FriedKale
bc03b6de678245f680b1c99c7c052ca3.jpg,FriedKale
3797ec65b0834153a8845ec09392d64c.jpg,FriedKale
5df476b8d3524a5dba2e9989a442bac6.jpg,BooPadPongali
e06d120ee04f4326a82a2a1a8e8e2496.jpg,FriedKale
e45660e97a1b42e59558b1f111854848.jpg,FriedKale
eea6c192ebd6475e87930742b984e727.jpg,FriedKale
5b8904bb6eaf49f9a458078620bfe627.jpg,FriedKale
69e61362a3c84a549935ca46264175f2.jpg,FriedKale
577dfd768e6144eaa85837eed0516237.jpg,FriedKale
f08de22280aa4d4594d1bfd5c7879815.jpg,FriedKale
d0f12784755945e295959d8532187919.jpg,FriedKale
f227dae276894d9cb108645f27b4a7a5.jpg,FriedKale
20fcbfc1af4a4704a47ab27361d84459.jpg,FriedKale
8440138cf724471092e138e216fde47e.jpg,FriedKale
8025ce7cbe8c474a934e56f0b4100f2b.jpg,BooPadPongali
d598bd4f9e1f43b0938ef96dccfc5932.jpg,FriedKale
f5e911bbf27a4584aed76aedeb79fefe.jpg,FriedKale
38b8dc21734241bd81218f9a96c1a492.jpg,FriedKale
0fdd0aaf0c374314a8b0f1438fb8c0b6.jpg,FriedKale
e092cb157f264172aebe58c413da72f9.jpg,FriedKale
0d175a31005c460cba7732de671fdcba.jpg,FriedKale
331b085b7d224dfcb882cf941facae46.jpg,FriedKale
261fa642ad484239849af592a33e56df.jpg,FriedKale
be8d057463f5421e8c41cefcd139c7c7.jpg,FriedKale
e1c1f2a7ac0a4b12a6e17f15d7c36d3d.jpg,FriedKale
1e27b04bdac94f2a818f5b1ef9169b15.jpg,FriedKale
19529125a6f7497082663947e16107ce.jpg,FriedKale
0083f9d81f5046a9925b4c3357488659.jpg,FriedKale
61d1438b0e4649f0b6b792596b069a7a.jpg,PadPakBung
cd88440ed8f549b08557ee0aab3bdd02.jpg,FriedKale
645520032dc34cdeb2de5688540294a1.jpg,FriedKale
200bb8d5b8e7457cb695022b4c400dfb.jpg,FriedKale
6b1075838d9c483e85e36f04ccf0a115.jpg,PadPakBung
f97a27da7b3a40d98e2a033c2dd70c96.jpg,FriedKale
7da21495433e4864bd32a5af691aa9f1.jpg,FriedKale
c8e57953388c43c887e7dad9774a513c.jpg,BooPadPongali
d5c88eb16e6e43c58b1ca7a3c396ea32.jpg,FriedKale
b6a1b777f1b44897aa6f3f7ab8d8b678.jpg,FriedKale
4796d8a509fc406ca929605d9ebbb5dc.jpg,FriedKale
4caeede2e5c746bda2d7b61abd204dd1.jpg,FriedKale
fd29193cc65f498d8581367bb961a2ab.jpg,FriedKale
44cec10b4ef14a51b6ca6b705769fafa.jpg,BooPadPongali
b2d6f086c5484568ae6836fa15d97e91.jpg,FriedKale
a5757232fdef46b3bb98587d128bc5b5.jpg,FriedKale
75e92321f2fd47a3bde88ff95cf3f678.jpg,FriedKale
8d7124a2f15440d3bd4d4a18e1c37e0b.jpg,FriedKale
c534a14b41d5441093fb88d59710521b.jpg,FriedKale
46f3ac25f52f4b5990025c866a44249c.jpg,PadPakBung
e6fd14587b95446fbd8c3563959c2221.jpg,FriedKale
56385376953f469281ee367a2254b620.jpg,FriedKale
1034c030e2fa46ed92964215ec9e2f6e.jpg,FriedKale
6041336e32ac4ccfa69f2518913bd864.jpg,FriedKale
25a6901aa21042e298e95b37eb1b37ca.jpg,FriedKale
a74537e5874c4bc98480f6db72e5f885.jpg,FriedKale
0161086544694bc5b3c649a283e60d18.jpg,FriedKale
92fae3cc61b6413682b9a2c86294db73.jpg,FriedKale
de1bb26905c342d294ff4080fc6ea6c1.jpg,FriedKale
d6acdc4bf3f443648e07c2054a3f2b44.jpg,FriedKale
d0cd33064c684a0faec974660d2502f5.jpg,PadPakBung
6027c789cddb4bd7936745a01b855fb5.jpg,FriedKale
eea53e5f45184244b0151ae7067fbd51.jpg,FriedKale
3b3cebaf86f44a438d28fc4853fcc883.jpg,FriedKale
4135ef825e1c46b8ae82935949b968c9.jpg,FriedKale
a6d24b91269c4cd6b342f76796d0a89f.jpg,FriedKale
0b46d07301ba46bfae0d57fa01b20078.jpg,FriedKale
26b4c3a272e345aba7a6def33e8bc6bd.jpg,FriedKale
0d63379c2dc04f5a99de4b92f3f72970.jpg,FriedKale
50a9824511324387bb154c5215b63f38.jpg,FriedKale
6f96425ca0fd4f53a2e6837539f1a49e.jpg,FriedKale
fcbc41db704242e681077a74037c7f35.jpg,FriedKale
a078d5bf5a264564b47297f81a400afe.jpg,FriedKale
bf504908d5784e8db38373d0534801a7.jpg,PadPakBung
73d9919c396a453a880ccd4ce524b310.jpg,FriedKale
357ec82872554c3982ba63165768b8ed.jpg,FriedKale
eebe1e9d9368424fbf87b1e91a2f9177.jpg,FriedKale
0974a382a92f491ebd12b13cfa22e6b4.jpg,FriedKale
15edf5d32833409fa75523b4e8f05ae2.jpg,MassamanGai
c4b2ced9de374c8bb9b75238c2e9dec2.jpg,FriedKale
a2fc1e0faba3467cbcaced6cfc4d8e3b.jpg,PadPakBung
845c43d6fb604d4fbc763b15110e79c6.jpg,FriedKale
8974470f828c4c1d88b1d04f667a8163.jpg,FriedKale
c0a1276540274ca09e93c588cef29d72.jpg,FriedKale
279f2a03d7364fe1b54d386eb3996bbb.jpg,BooPadPongali
408f741f8f6b4615bc3db5048b8a82a1.jpg,FriedKale
fd31ef58167b4ab9ba215956134ef39a.jpg,FriedKale
2f5e851e386745c497f3cddc13b0b9c2.jpg,FriedKale
5cc1c5ffd06f4a7bbc069888c04832bc.jpg,PadPakBung
5d1b76bf27144f6bbbf436b8ab7a8cbe.jpg,FriedKale
74a0d681664143a5969551d606f212fb.jpg,FriedKale
10b1e69cca6c452d82acd3b3f2cab26a.jpg,FriedKale
0ff659a146564311a050fc8347daecb8.jpg,BooPadPongali
db17edfa4bf340cd862b300ab5c51df2.jpg,FriedKale
2beb98bbebdc47c89049ecf0b499a857.jpg,FriedKale
5ef96699d526448c8af8de4289284170.jpg,FriedKale
2b74d959b8124654be5254cb3c6b91b5.jpg,FriedKale
e2e685f7b7d24a9089021496e536e7d0.jpg,FriedKale
ff5c018fc40c47f9b113bcd13dbc872b.jpg,FriedKale
87e51f7306114d50885ea169a9a99412.jpg,FriedKale
98be00eebbf54129a2ed65531a6f7497.jpg,FriedKale
90ba9713d2154cadaed5f27f3d8993c6.jpg,FriedKale
7ca8fc6b83164bbcb151fae24b5709aa.jpg,FriedKale
86283a472f4148dfb3f59f07ed433ff5.jpg,FriedKale
5ce8c378a5824474aa0df51eb0929c85.jpg,FriedKale
87655511432545688b2e355400ef4a28.jpg,FriedKale
421bfde6217c46bc9bdd09c2720cf236.jpg,FriedKale
543e6bc04ee8471eb057fd55404c0317.jpg,FriedKale
494909df2f534ff89cc8c0587d80794f.jpg,FriedKale
d2b0c8daa4bc4acf8efef96bf4b95898.jpg,MassamanGai
5cb04d935c934164843833a7f75dcce5.jpg,BooPadPongali
adbb35f4e1994e31915df65f98af795d.jpg,FriedKale
f46390ea22cd48a298ce7ae5779e0ab7.jpg,MassamanGai
e5909c3ae7794fd5a4a66dc55e90fd0a.jpg,FriedKale
2e136c26d4ea4f2993765e3018b88c2b.jpg,FriedKale
0efa15a603df45bb9650194f212736e2.jpg,FriedKale
3a126ee7a0764a7ab16d1d7be0565c6b.jpg,FriedKale
ff498d373d42438b9c93f8a5aaeec53f.jpg,PadPakBung
a11fcdcd0f87491ea4d6245cc5c0874d.jpg,FriedKale
590a83a18a6d451f96c90e0791f99edd.jpg,PadPakBung
b3e6ac5545e342989a8de17d4e497319.jpg,FriedKale
422c993989424da9b06df8eea72322df.jpg,FriedKale
46f3711db60c4be9a8c17a22ac4fab23.jpg,FriedKale
1ec8a36814304fb49cb54a76b520a0f1.jpg,BooPadPongali
e1d05176fe164429bfb05a28be153522.jpg,FriedKale
74596e24953a42f988c24b61f9e3d83c.jpg,FriedKale
fb0d0291031644e2b8e42eaeb8fb2a82.jpg,FriedKale
19a1d14b0d1c49d6bf57096b1193076d.jpg,FriedKale
5b634ccc1fb343dd9724615d20d0eee4.jpg,FriedKale
0b08101fa5dd41479305b0684e5cfeb6.jpg,FriedKale
14c44599a4464db8b1c5fa14a18fa24b.jpg,FriedKale
7b0bfe1c8a094b409865ed6495d94efd.jpg,FriedKale
f8f4311d088c4ca784b5224018885c8d.jpg,FriedKale
b05d2cb3b868414ab6c5fad60a67afcf.jpg,FriedKale
75cdb93c4d534aadb0b7db99f77fbc2e.jpg,PadPakBung
09143ff50f0e4f6fb327e48b8064943b.jpg,FriedKale
98e28a3c548c4054adb6149409a225a7.jpg,BooPadPongali
bae6095ec1274c57b9e25f1b41e6560d.jpg,FriedKale
46eee68ebb404424809b9cebb163f2a4.jpg,PadPakBung
cb99a2a43cea4b51a725e48876ee3801.jpg,FriedKale
851c67e401a44bd592ddad20238dad62.jpg,FriedKale
5301901b20d9479ab1b636d8641d9baa.jpg,BooPadPongali
18260a75693f43318ec76f8e23cc2d8a.jpg,FriedKale
bb72d734c601479faf14539d7b923544.jpg,BooPadPongali
07592a7a03b3462ba733329b3ebd8041.jpg,FriedKale
a62771b54a1645c18b3f9d7c9ee56492.jpg,PadPakBung
99968cd25a3b4c258d3a542a996aa5aa.jpg,FriedKale
40f5013e7a2046a690dddd3c3328fb0b.jpg,BooPadPongali
d26245b7e24f4c23a04b155c88061508.jpg,FriedKale
7c3c2e1d04044408b25adbcefecf37ee.jpg,BooPadPongali
24c6ab4ad0b64810bd97580c76b6ca30.jpg,FriedKale
771a25b2d7014cf49febbadf4729efda.jpg,FriedKale
2106e8a32b4d4ed887bfb44d49b7e60a.jpg,FriedKale
4ebb3cdc44db4a1d89c384c710f24bc9.jpg,BooPadPongali
83477587cf3f405099ba44e4138bf969.jpg,FriedKale
bd8c6f2867454c30a784d5345bb0b17f.jpg,BooPadPongali
57b822e6ccaf44b8ae556f73bb8ad2d9.jpg,FriedKale
9e65ec4f233c4fa1836753ea6510ea5f.jpg,FriedKale
9a07a7a3e28b4a30843d5e79d3f73fe4.jpg,FriedKale
8aa4f2cc3b074c68b3b8f84e64cf31dc.jpg,FriedKale
a27e0a3a1e9c4905b82913955fe5ada7.jpg,FriedKale
cdea08b18be64141bfe1fdd115c71f53.jpg,FriedKale
b0a54b835dd0405b839bbebde766a9c9.jpg,FriedKale
c9b20ccc10ad4a5890da54c86b569386.jpg,FriedKale
d5f6753a08df43ae96e0c346fa2dcfd7.jpg,FriedKale
d0d0536cabc64134979f109233fbbc36.jpg,MassamanGai
25a9369c4d444f0f8c584ae811efe970.jpg,FriedKale
621523f38f88477da92a3b1b118b9c5b.jpg,BooPadPongali
1b5bdb96845f453e94628c7d9f0cf25a.jpg,FriedKale
c60b342358014973849421724d633353.jpg,FriedKale
420e876a39764be49e67ae60d0408a1a.jpg,FriedKale
e6064bac1d084f8cbdd29c568134d967.jpg,FriedKale
ed89f9b6522e413ebf0c9d638c7b5866.jpg,BooPadPongali
10094adab8354d64ab1cb828a39051c1.jpg,FriedKale
5283d61313f14a3987d49a61f0c12e40.jpg,FriedKale
817ede0b963c429fbeb0e28e2dd09519.jpg,FriedKale
749ed2712e8b4475bb081eef24e2e3bb.jpg,FriedKale
93a39c634d7141b8995412041ee2f694.jpg,FriedKale
2aeb30c4554f4c889cb6620bdeb11f99.jpg,FriedKale
95e1990d7de4434ca6e490b8e115c8ff.jpg,FriedKale
3842eca53a364c179a925db607f12cab.jpg,FriedKale
74995580545046149735cdf5b22579ef.jpg,FriedKale
1b2441ba9b5248ac93bbfd6368c533bb.jpg,FriedKale
f4a92209f79e44bdbc73af6f9fc4460f.jpg,BooPadPongali
87f2f220bbad45eeb24609f674c2ff27.jpg,BooPadPongali
8ecb03224cc24311bd5059e2a3972c34.jpg,FriedKale
74c879fad77d4fb1908ae7934835adaa.jpg,FriedKale
3388da0f49e74fcb9653174f7e5c8483.jpg,BooPadPongali
ec462a32e95c4fa19feb2ef8f9e5ff5a.jpg,BooPadPongali
d5b7a72877d3456692db3f07742f3044.jpg,FriedKale
c2f05f6302a34af6a0158f30e5fb6bce.jpg,FriedKale
5ce9fb190f3b42d9b271c0d2004d0239.jpg,PadPakBung
9083ff97042146ce95cf505fbe2b4f56.jpg,FriedKale
0352527cc5ed47d19b11f486e4e23969.jpg,FriedKale
af1550485058453db81b3bb32dddf941.jpg,BooPadPongali
ff7863f459d948d4b411bb4b708eb8d5.jpg,FriedKale
3951b121cb914067837a35a771f7dedc.jpg,FriedKale
e83e20c19caa4470ac460bc23eac79e2.jpg,FriedKale
078ce7e608454499adc948e6d897e3d4.jpg,BooPadPongali
ba0289725a64445bbb0f4ca486232f52.jpg,FriedKale
0d7797d3bb4e4038b3d526b7f543f31f.jpg,FriedKale
d72d37fce7e0418eb5b190ff33a65cac.jpg,PadPakBung
c111ad4759894064b5d4f81c9ef33a72.jpg,FriedKale
eace74db040a48e1809b9db627a2fddf.jpg,FriedKale
148f4621d253412ea8251a9df3e635ba.jpg,FriedKale
a2d017fcc44640a0843c649091f4b3a2.jpg,MassamanGai
8e607b572d974af7b4411cf00cd90001.jpg,FriedKale
3f46c8d131df41418d6c8a26f0742e13.jpg,PadPakBung
6dbda727b4da4c879037a57110624930.jpg,PadPakBung
eac60283041b48debb623b3defbb1678.jpg,FriedKale
a70ab9d6f8ee49f7a95b2b9127466a10.jpg,FriedKale
575580b98aee44b4ba41409110831aba.jpg,PadPakBung
4c014cce2fae4fafa87b6329275f85fd.jpg,FriedKale
0fc662fd666a4919b1cdb56bf035816a.jpg,FriedKale
fca73a1459eb444385717ade7d5c1a6c.jpg,PadPakBung
b41171c62c9c49a1af121afb2daac46a.jpg,BooPadPongali
54599fa46eb44a379ad31d57375a96af.jpg,FriedKale
f0fecd9a1e044b72ac01205e94a19269.jpg,FriedKale
b8e2f7a3e2d942449c41c31eddc0d9be.jpg,BooPadPongali
dfbc36b6f3a440beb740e47527ee938b.jpg,FriedKale
d50598e524f5454586633e46e4f2ef2b.jpg,FriedKale
9fdd11aa5dbf4598a5dc4c21a9f29bae.jpg,FriedKale
47f596547a3040adb0cc33b32e83b12d.jpg,FriedKale
57b2165b6bf44c96af1533248a279fe4.jpg,BooPadPongali
f93460c1d8764c3da132c6eab83ad437.jpg,BooPadPongali
80060db335914926b2a60207eb37ee50.jpg,FriedKale
813a0b6f001a47bea9d4c8962c5ec5fa.jpg,FriedKale
3218ec1fc95f4efcb6d2b512e636077c.jpg,PadPakBung
5f971a3c10ea4e5289e40575cdc4d6b5.jpg,FriedKale
543df159a54e4136934f39b2a1e3f901.jpg,FriedKale
3419f6c74fe44da187e479ec0b33c129.jpg,BooPadPongali
81a09d031cc844c9ae25a7b41b7b57ab.jpg,BooPadPongali
90777d97e8f34e27aafe4528931bb064.jpg,MassamanGai
db2f0e394fa042959d01323c74e6fcea.jpg,FriedKale
3f4b99795a9c49a99ca8f9f5c7ce5d3a.jpg,FriedKale
277654ccc3e04901a6ff1e8de243e037.jpg,FriedKale
5240f0600e8f4e46bc37e55a6b716e23.jpg,FriedKale
273686e7738547bdbf781b450cd91f85.jpg,FriedKale
b71349b39e574340a54ba07aaeeac01e.jpg,FriedKale
05367205a9f6431dac48b597b9d1e9a9.jpg,FriedKale
4669e9bac88942638e7f8ffda9442a76.jpg,BooPadPongali
246bd2b6bbb344a1b64ed03bbb27ed0a.jpg,FriedKale
762477bbeed942c58cfa5f769c901491.jpg,FriedKale
96d1e6c364df4417bb0a82a1379b63cd.jpg,FriedKale
dc606efc868648cabfcd81bd919f3164.jpg,FriedKale
bd0910962ec74f359b512d1f315ed1bf.jpg,FriedKale
e71ed05e956b41c084c2f64a2741e611.jpg,BooPadPongali
729c95ce527746548668b09f2c078c6b.jpg,FriedKale
b485d691a5364919816924aabcc8eda4.jpg,FriedKale
b27937bd9a8844ef90cf33faf36aa4da.jpg,FriedKale
5209af880c2e47c3b6d44e1c05b7389e.jpg,FriedKale
